[{"model": "auth.permission", "pk": 1, "fields": {"name": "Can add log entry", "content_type": 1, "codename": "add_logentry"}}, {"model": "auth.permission", "pk": 2, "fields": {"name": "Can change log entry", "content_type": 1, "codename": "change_logentry"}}, {"model": "auth.permission", "pk": 3, "fields": {"name": "Can delete log entry", "content_type": 1, "codename": "delete_logentry"}}, {"model": "auth.permission", "pk": 4, "fields": {"name": "Can view log entry", "content_type": 1, "codename": "view_logentry"}}, {"model": "auth.permission", "pk": 5, "fields": {"name": "Can add permission", "content_type": 2, "codename": "add_permission"}}, {"model": "auth.permission", "pk": 6, "fields": {"name": "Can change permission", "content_type": 2, "codename": "change_permission"}}, {"model": "auth.permission", "pk": 7, "fields": {"name": "Can delete permission", "content_type": 2, "codename": "delete_permission"}}, {"model": "auth.permission", "pk": 8, "fields": {"name": "Can view permission", "content_type": 2, "codename": "view_permission"}}, {"model": "auth.permission", "pk": 9, "fields": {"name": "Can add group", "content_type": 3, "codename": "add_group"}}, {"model": "auth.permission", "pk": 10, "fields": {"name": "Can change group", "content_type": 3, "codename": "change_group"}}, {"model": "auth.permission", "pk": 11, "fields": {"name": "Can delete group", "content_type": 3, "codename": "delete_group"}}, {"model": "auth.permission", "pk": 12, "fields": {"name": "Can view group", "content_type": 3, "codename": "view_group"}}, {"model": "auth.permission", "pk": 13, "fields": {"name": "Can add user", "content_type": 4, "codename": "add_user"}}, {"model": "auth.permission", "pk": 14, "fields": {"name": "Can change user", "content_type": 4, "codename": "change_user"}}, {"model": "auth.permission", "pk": 15, "fields": {"name": "Can delete user", "content_type": 4, "codename": "delete_user"}}, {"model": "auth.permission", "pk": 16, "fields": {"name": "Can view user", "content_type": 4, "codename": "view_user"}}, {"model": "auth.permission", "pk": 17, "fields": {"name": "Can add content type", "content_type": 5, "codename": "add_contenttype"}}, {"model": "auth.permission", "pk": 18, "fields": {"name": "Can change content type", "content_type": 5, "codename": "change_contenttype"}}, {"model": "auth.permission", "pk": 19, "fields": {"name": "Can delete content type", "content_type": 5, "codename": "delete_contenttype"}}, {"model": "auth.permission", "pk": 20, "fields": {"name": "Can view content type", "content_type": 5, "codename": "view_contenttype"}}, {"model": "auth.permission", "pk": 21, "fields": {"name": "Can add session", "content_type": 6, "codename": "add_session"}}, {"model": "auth.permission", "pk": 22, "fields": {"name": "Can change session", "content_type": 6, "codename": "change_session"}}, {"model": "auth.permission", "pk": 23, "fields": {"name": "Can delete session", "content_type": 6, "codename": "delete_session"}}, {"model": "auth.permission", "pk": 24, "fields": {"name": "Can view session", "content_type": 6, "codename": "view_session"}}, {"model": "auth.permission", "pk": 25, "fields": {"name": "Can add pet", "content_type": 7, "codename": "add_pet"}}, {"model": "auth.permission", "pk": 26, "fields": {"name": "Can change pet", "content_type": 7, "codename": "change_pet"}}, {"model": "auth.permission", "pk": 27, "fields": {"name": "Can delete pet", "content_type": 7, "codename": "delete_pet"}}, {"model": "auth.permission", "pk": 28, "fields": {"name": "Can view pet", "content_type": 7, "codename": "view_pet"}}, {"model": "auth.permission", "pk": 29, "fields": {"name": "Can add condition", "content_type": 8, "codename": "add_condition"}}, {"model": "auth.permission", "pk": 30, "fields": {"name": "Can change condition", "content_type": 8, "codename": "change_condition"}}, {"model": "auth.permission", "pk": 31, "fields": {"name": "Can delete condition", "content_type": 8, "codename": "delete_condition"}}, {"model": "auth.permission", "pk": 32, "fields": {"name": "Can view condition", "content_type": 8, "codename": "view_condition"}}, {"model": "auth.permission", "pk": 33, "fields": {"name": "Can add vaccine", "content_type": 9, "codename": "add_vaccine"}}, {"model": "auth.permission", "pk": 34, "fields": {"name": "Can change vaccine", "content_type": 9, "codename": "change_vaccine"}}, {"model": "auth.permission", "pk": 35, "fields": {"name": "Can delete vaccine", "content_type": 9, "codename": "delete_vaccine"}}, {"model": "auth.permission", "pk": 36, "fields": {"name": "Can view vaccine", "content_type": 9, "codename": "view_vaccine"}}, {"model": "auth.permission", "pk": 37, "fields": {"name": "Can add comment", "content_type": 10, "codename": "add_comment"}}, {"model": "auth.permission", "pk": 38, "fields": {"name": "Can change comment", "content_type": 10, "codename": "change_comment"}}, {"model": "auth.permission", "pk": 39, "fields": {"name": "Can delete comment", "content_type": 10, "codename": "delete_comment"}}, {"model": "auth.permission", "pk": 40, "fields": {"name": "Can view comment", "content_type": 10, "codename": "view_comment"}}, {"model": "auth.permission", "pk": 41, "fields": {"name": "Can add details", "content_type": 11, "codename": "add_details"}}, {"model": "auth.permission", "pk": 42, "fields": {"name": "Can change details", "content_type": 11, "codename": "change_details"}}, {"model": "auth.permission", "pk": 43, "fields": {"name": "Can delete details", "content_type": 11, "codename": "delete_details"}}, {"model": "auth.permission", "pk": 44, "fields": {"name": "Can view details", "content_type": 11, "codename": "view_details"}}, {"model": "auth.permission", "pk": 45, "fields": {"name": "Can add vet", "content_type": 12, "codename": "add_vet"}}, {"model": "auth.permission", "pk": 46, "fields": {"name": "Can change vet", "content_type": 12, "codename": "change_vet"}}, {"model": "auth.permission", "pk": 47, "fields": {"name": "Can delete vet", "content_type": 12, "codename": "delete_vet"}}, {"model": "auth.permission", "pk": 48, "fields": {"name": "Can view vet", "content_type": 12, "codename": "view_vet"}}, {"model": "auth.permission", "pk": 49, "fields": {"name": "Can add action", "content_type": 13, "codename": "add_action"}}, {"model": "auth.permission", "pk": 50, "fields": {"name": "Can change action", "content_type": 13, "codename": "change_action"}}, {"model": "auth.permission", "pk": 51, "fields": {"name": "Can delete action", "content_type": 13, "codename": "delete_action"}}, {"model": "auth.permission", "pk": 52, "fields": {"name": "Can view action", "content_type": 13, "codename": "view_action"}}, {"model": "auth.user", "pk": 1, "fields": {"password": "pbkdf2_sha256$870000$1oo6RAvtBhEAI3z5ywlzME$XfaseHiytzrLsDbFQoVH6UO1llY37t6Ygj9kcmupwSA=", "last_login": "2025-04-28T20:54:43.426Z", "is_superuser": false, "username": "jsmith", "first_name": "John", "last_name": "Smith", "email": "johnsmith@owner.com", "is_staff": false, "is_active": true, "date_joined": "2025-04-28T19:01:18.067Z", "groups": [], "user_permissions": []}}, {"model": "auth.user", "pk": 2, "fields": {"password": "pbkdf2_sha256$870000$L40a3VxX0BfFE3S4McIssn$UhXlb835S+6dsJeOjODDdoddxvEE3R4okEgNWttgruk=", "last_login": "2025-04-28T21:00:09.516Z", "is_superuser": false, "username": "gwash", "first_name": "George", "last_name": "Washington", "email": "gwash@owner.com", "is_staff": false, "is_active": true, "date_joined": "2025-04-28T19:06:19.537Z", "groups": [], "user_permissions": []}}, {"model": "auth.user", "pk": 3, "fields": {"password": "pbkdf2_sha256$870000$Aw28ylrdpn5R2L8C2t2oFC$Fi8lIP8wB6toHMjvpvrcIhjUYKqMktHN/UOSm5IKw88=", "last_login": "2025-04-28T20:53:06.806Z", "is_superuser": false, "username": "jausten", "first_name": "Jane", "last_name": "Austen", "email": "janeausten@owner.com", "is_staff": false, "is_active": true, "date_joined": "2025-04-28T19:07:39.258Z", "groups": [], "user_permissions": []}}, {"model": "auth.user", "pk": 4, "fields": {"password": "pbkdf2_sha256$870000$SOKnF1Kgl13TSNS0NlmPHx$errrB3Sdv/vVerQme+mzv/VVWM6+szVL1PENdSg/mz0=", "last_login": "2025-04-28T20:53:36.173Z", "is_superuser": false, "username": "mcurie", "first_name": "Marie", "last_name": "Curie", "email": "mariecurie@owner.com", "is_staff": false, "is_active": true, "date_joined": "2025-04-28T20:27:38.290Z", "groups": [], "user_permissions": []}}, {"model": "auth.user", "pk": 5, "fields": {"password": "pbkdf2_sha256$870000$yD3vbzxlQNbKGUH1zbG4fv$JtPtI/J6Y9MzKWRE5SvOdqUlV4LFXpxUsIt0J++85fQ=", "last_login": "2025-04-28T20:57:00.237Z", "is_superuser": false, "username": "jdoe", "first_name": "Jane", "last_name": "Doe", "email": "janedoe@vet.com", "is_staff": false, "is_active": true, "date_joined": "2025-04-28T20:56:59.968Z", "groups": [], "user_permissions": []}}, {"model": "auth.user", "pk": 6, "fields": {"password": "pbkdf2_sha256$870000$LuwjrOSrHpJfQsh5NYXSWx$fdSYxSLlt2xXqVv4Eazmtll+KEv8D/Wz5eReQ9ofNOI=", "last_login": "2025-04-28T20:59:38.415Z", "is_superuser": false, "username": "pconner", "first_name": "Patricia", "last_name": "O'Conner", "email": "patricia@vet.com", "is_staff": false, "is_active": true, "date_joined": "2025-04-28T20:59:38.147Z", "groups": [], "user_permissions": []}}, {"model": "auth.user", "pk": 7, "fields": {"password": "pbkdf2_sha256$870000$3nsVtmTfGhTHajAdNNBlSd$M7+o53o56VaYzGNyYHMw6AvsmcLHrzAQQ0/dtIs6/x8=", "last_login": "2025-04-28T21:13:14.094Z", "is_superuser": false, "username": "admin", "first_name": "Amy", "last_name": "Admin", "email": "amy@admin.com", "is_staff": false, "is_active": true, "date_joined": "2025-04-28T21:03:01.725Z", "groups": [], "user_permissions": []}}, {"model": "contenttypes.contenttype", "pk": 1, "fields": {"app_label": "admin", "model": "logentry"}}, {"model": "contenttypes.contenttype", "pk": 2, "fields": {"app_label": "auth", "model": "permission"}}, {"model": "contenttypes.contenttype", "pk": 3, "fields": {"app_label": "auth", "model": "group"}}, {"model": "contenttypes.contenttype", "pk": 4, "fields": {"app_label": "auth", "model": "user"}}, {"model": "contenttypes.contenttype", "pk": 5, "fields": {"app_label": "contenttypes", "model": "contenttype"}}, {"model": "contenttypes.contenttype", "pk": 6, "fields": {"app_label": "sessions", "model": "session"}}, {"model": "contenttypes.contenttype", "pk": 7, "fields": {"app_label": "pets", "model": "pet"}}, {"model": "contenttypes.contenttype", "pk": 8, "fields": {"app_label": "pets", "model": "condition"}}, {"model": "contenttypes.contenttype", "pk": 9, "fields": {"app_label": "pets", "model": "vaccine"}}, {"model": "contenttypes.contenttype", "pk": 10, "fields": {"app_label": "pets", "model": "comment"}}, {"model": "contenttypes.contenttype", "pk": 11, "fields": {"app_label": "users", "model": "details"}}, {"model": "contenttypes.contenttype", "pk": 12, "fields": {"app_label": "users", "model": "vet"}}, {"model": "contenttypes.contenttype", "pk": 13, "fields": {"app_label": "actions", "model": "action"}}, {"model": "sessions.session", "pk": "0m711ctz1gtul0qiwpsywqvlc84s607o", "fields": {"session_data": ".eJxVjEEOwiAQRe_C2pAyQOO4dO8ZCMNMpdqUpLSrxrtLky50-9_7b1chbmsOW5UljKxuyqrL70YxvWU-AL_i_Cw6lXldRtKHok9a9aOwTPfT_QvkWHN7O2fZMrCAQeqFMVE3gE2QDDpGAus8dgjoxRv0vQOK9pqQBmmETYsuZZJWKurzBU72Ooc:1u9TpL:Abou1-F05s495PsBYdQiW22YnVrtZxxuTLdKf85wwM0", "expire_date": "2025-05-12T19:07:39.528Z"}}, {"model": "sessions.session", "pk": "ierhqjakcgrubkmdk6cw5i0i4b8f70jo", "fields": {"session_data": ".eJxVjDsOwjAQBe_iGln-aO1ASc8ZrPXuhgSiWIqTKuLuOFIKaN_Mm10l3NYhbVWWNLK6Kasuv1tGest8AH7h_CyayrwuY9aHok9a9aOwTPfT_QsMWIf2duK9EyM2x-CDA3A-BOQrW0ZDgkCZOmLDxkEPjUchGxmyD30fTdeiS5mklYr6fAFVVzsA:1u9V5j:yUBBTUxfQv7ZhY5fN0fmKW_NRAg1HGYYNbufV2pATm4", "expire_date": "2025-05-12T20:28:39.907Z"}}, {"model": "sessions.session", "pk": "l8l2irc6tfw8hyvl9rlj91y0wof6y0z8", "fields": {"session_data": ".eJxVjEEOwiAQRe_C2hACFUaX7j0DGYZBqg0k0K6Md5cmXej2vf_fW3jc1uy3zs3PUVyFE6dfFpBeXHYRn1geVVIta5uD3CfysF3ea-Tldmz_Ahl7Hm_NlLR2RhsVDYJl5RhcOhucOIG5aIt6UgHIxMEVBp5IWYsBEgEHHtFWFx4lFJ8vXgs7aQ:1u9Vdb:G5ItZyz3H-rNZuakml5k27taPBhRyu829nGwX-Pk4b8", "expire_date": "2025-05-12T21:03:39.135Z"}}, {"model": "sessions.session", "pk": "zz1agp3t0c4sbt5s9ljtgv9ajl8ebo1o", "fields": {"session_data": ".eJxVjEEOwiAQRe_C2hACFUaX7j0DGYZBqg0k0K6Md5cmXej2vf_fW3jc1uy3zs3PUVyFE6dfFpBeXHYRn1geVVIta5uD3CfysF3ea-Tldmz_Ahl7Hm_NlLR2RhsVDYJl5RhcOhucOIG5aIt6UgHIxMEVBp5IWYsBEgEHHtFWFx4lFJ8vXgs7aQ:1u9VgQ:SPAqIyBrDPtylTowMstKkUYvfOL01spjDi2fCgj_H2Q", "expire_date": "2025-05-12T21:06:34.683Z"}}, {"model": "pets.pet", "pk": 1, "fields": {"name": "Willow", "type": "d", "breed": "Golden Retriever", "sex": "f", "pfp": "pet_profiles/willow.jpg", "dob": "2024-04-28T04:00:00Z", "weight": 57.2, "spayed": true, "vet": 1, "owner": 1, "last_updated": "2025-04-28T20:43:54.720Z", "non_owners": [3, 4, 5, 2]}}, {"model": "pets.pet", "pk": 2, "fields": {"name": "Garfield", "type": "c", "breed": "Orange Tabby", "sex": "m", "pfp": "pet_profiles/garfield.jpg", "dob": "2020-01-13T05:00:00Z", "weight": 12.3, "spayed": true, "vet": 1, "owner": 1, "last_updated": "2025-04-28T20:45:39.780Z", "non_owners": [3, 4, 5, 2]}}, {"model": "pets.pet", "pk": 3, "fields": {"name": "Maggie Mae", "type": "d", "breed": "Labrador Retriever", "sex": "f", "pfp": "pet_profiles/maggie.jpg", "dob": "2019-05-08T04:00:00Z", "weight": 55.6, "spayed": true, "vet": 1, "owner": 2, "last_updated": "2025-04-28T20:48:55.081Z", "non_owners": [1, 3, 5]}}, {"model": "pets.pet", "pk": 4, "fields": {"name": "Snoopy", "type": "d", "breed": "Beagle", "sex": "m", "pfp": "pet_profiles/snoopy.jpg", "dob": "2021-10-15T04:00:00Z", "weight": 27.1, "spayed": true, "vet": 1, "owner": 2, "last_updated": "2025-04-28T20:50:08.581Z", "non_owners": [3, 1, 5]}}, {"model": "pets.pet", "pk": 5, "fields": {"name": "Farfetch'd", "type": "b", "breed": "Conure", "sex": "m", "pfp": "pet_profiles/farfetchd.jpg", "dob": "2023-02-26T05:00:00Z", "weight": 0.28, "spayed": false, "vet": 2, "owner": 3, "last_updated": "2025-04-28T20:52:39.265Z", "non_owners": [1, 2, 4, 6]}}, {"model": "pets.pet", "pk": 6, "fields": {"name": "Matcha", "type": "s", "breed": "Holland Lop", "sex": "f", "pfp": "pet_profiles/matcha.jpg", "dob": "2023-05-18T04:00:00Z", "weight": 3.2, "spayed": false, "vet": 2, "owner": 4, "last_updated": "2025-04-28T20:54:20.816Z", "non_owners": [3, 1, 6]}}, {"model": "pets.condition", "pk": 1, "fields": {"pet": 1, "title": "Diet", "description": "Willow is currently being fed 1 cup of Black Gold Puppy Food twice a day."}}, {"model": "pets.condition", "pk": 2, "fields": {"pet": 1, "title": "Allergies", "description": "Willow suffers from season allergies in the Spring and Fall. Her allergies cause her to be itchy and to have yeast infections in her ears. If this happens, wash her ears out with Ear Wash and give her 10 mg of Zyrtec once daily until symptoms subside. "}}, {"model": "pets.condition", "pk": 3, "fields": {"pet": 2, "title": "Medication", "description": "Garfield gets a small blue pill every morning with his breakfast. Garfield can be very stubborn with his meds, but giving him a little bit of lasagna usually does the trick."}}, {"model": "pets.condition", "pk": 4, "fields": {"pet": 3, "title": "Separation Anxiety", "description": "Maggie has very intense separation anxiety. She is prone to loose stools and low appetite when away from her owner. "}}, {"model": "pets.condition", "pk": 5, "fields": {"pet": 3, "title": "Food Motivated", "description": "Maggie is extremely food motivated! This makes her very easy to handle, but also means she will go after any food left out. Make sure anything you don't want eaten is out of reach."}}, {"model": "pets.vaccine", "pk": 1, "fields": {"pet": 1, "name": "Bordetella", "last_done": "2024-07-21T04:00:00Z", "next_due": "2025-07-21T04:00:00Z"}}, {"model": "pets.vaccine", "pk": 2, "fields": {"pet": 1, "name": "Lyme Disease", "last_done": "2024-08-15T04:00:00Z", "next_due": "2025-08-15T04:00:00Z"}}, {"model": "pets.comment", "pk": 1, "fields": {"pet": 1, "user": 5, "content": "Happy birthday Willow!", "posted": "2025-04-28T20:58:15.741Z", "edited": null}}, {"model": "pets.comment", "pk": 2, "fields": {"pet": 1, "user": 2, "content": "Happy birthday Will! Hope you got your pup cup!", "posted": "2025-04-28T21:00:21.751Z", "edited": "2025-04-28T21:00:38.249Z"}}, {"model": "users.details", "pk": 1, "fields": {"user": 1, "role": "o", "phone": "1234567890", "clinic_name": null, "address": "", "city": "", "state": "VA", "zip_code": ""}}, {"model": "users.details", "pk": 2, "fields": {"user": 2, "role": "o", "phone": "9876543210", "clinic_name": null, "address": "", "city": "", "state": "VA", "zip_code": ""}}, {"model": "users.details", "pk": 3, "fields": {"user": 3, "role": "o", "phone": "1112223333", "clinic_name": null, "address": "", "city": "", "state": "VA", "zip_code": ""}}, {"model": "users.details", "pk": 4, "fields": {"user": 4, "role": "o", "phone": "4445556666", "clinic_name": null, "address": "", "city": "", "state": "VA", "zip_code": ""}}, {"model": "users.details", "pk": 5, "fields": {"user": 5, "role": "v", "phone": "2223334444", "clinic_name": "Doe Animal Hospital", "address": "123 Wallaby Way", "city": "Anywhere", "state": "VA", "zip_code": "12345"}}, {"model": "users.details", "pk": 6, "fields": {"user": 6, "role": "v", "phone": "3334445555", "clinic_name": "O'Conner Animal Practice", "address": "1122 Main Street", "city": "Anywhere", "state": "VA", "zip_code": "12345"}}, {"model": "users.details", "pk": 7, "fields": {"user": 7, "role": "a", "phone": "1111111111", "clinic_name": null, "address": "", "city": "", "state": "VA", "zip_code": ""}}, {"model": "users.vet", "pk": 1, "fields": {"email": "janedoe@vet.com", "first_name": "Jane", "last_name": "Doe", "clinic_name": "Doe Animal Hospital", "address": "123 Wallaby Way", "city": "Anywhere", "state": "VA", "zip_code": "12345", "phone": "2223334444", "user": 5}}, {"model": "users.vet", "pk": 2, "fields": {"email": "patricia@vet.com", "first_name": "Patricia", "last_name": "O'Conner", "clinic_name": "O'Conner Animal Practice", "address": "1122 Main Street", "city": "Anywhere", "state": "VA", "zip_code": "12345", "phone": "3334445555", "user": 6}}, {"model": "actions.action", "pk": 1, "fields": {"user": 1, "pet": 1, "verb": "pet profile was created", "target_ct": 7, "target_id": 1, "created": "2025-04-28T20:40:42.690Z", "description": "Willo is a female Golden Retriever that is 1 yrs, 0 mo. old"}}, {"model": "actions.action", "pk": 2, "fields": {"user": 1, "pet": 1, "verb": "name was changed from Willo -> Willow", "target_ct": 7, "target_id": 1, "created": "2025-04-28T20:40:57.743Z", "description": null}}, {"model": "actions.action", "pk": 3, "fields": {"user": 1, "pet": 1, "verb": "conditions were updated", "target_ct": 7, "target_id": 1, "created": "2025-04-28T20:43:54.718Z", "description": "<ul><li>Diet was added</li><li>Allergies was added</li></ul>"}}, {"model": "actions.action", "pk": 4, "fields": {"user": 1, "pet": 1, "verb": "vaccines were updated", "target_ct": 7, "target_id": 1, "created": "2025-04-28T20:43:54.719Z", "description": "<ul><li>Bordetella was added</li><li>Lyme Disease was added</li></ul>"}}, {"model": "actions.action", "pk": 5, "fields": {"user": 1, "pet": 2, "verb": "pet profile was created", "target_ct": 7, "target_id": 2, "created": "2025-04-28T20:45:39.780Z", "description": "Garfield is a male Orange Tabby that is 5 yrs, 3 mo. old"}}, {"model": "actions.action", "pk": 6, "fields": {"user": 1, "pet": 1, "verb": "pet profile was shared with <a href=\"/users/profile/gwash/\">George Washington</a>.", "target_ct": 7, "target_id": 1, "created": "2025-04-28T20:45:54.491Z", "description": null}}, {"model": "actions.action", "pk": 7, "fields": {"user": 1, "pet": 1, "verb": "pet profile was shared with <a href=\"/users/profile/jausten/\">Jane Austen</a>.", "target_ct": 7, "target_id": 1, "created": "2025-04-28T20:45:58.046Z", "description": null}}, {"model": "actions.action", "pk": 8, "fields": {"user": 1, "pet": 1, "verb": "pet profile was shared with <a href=\"/users/profile/mcurie/\">Marie Curie</a>.", "target_ct": 7, "target_id": 1, "created": "2025-04-28T20:46:00.292Z", "description": null}}, {"model": "actions.action", "pk": 9, "fields": {"user": 1, "pet": 2, "verb": "pet profile was shared with <a href=\"/users/profile/gwash/\">George Washington</a>.", "target_ct": 7, "target_id": 2, "created": "2025-04-28T20:46:08.431Z", "description": null}}, {"model": "actions.action", "pk": 10, "fields": {"user": 1, "pet": 2, "verb": "pet profile was shared with <a href=\"/users/profile/jausten/\">Jane Austen</a>.", "target_ct": 7, "target_id": 2, "created": "2025-04-28T20:46:10.351Z", "description": null}}, {"model": "actions.action", "pk": 11, "fields": {"user": 1, "pet": 2, "verb": "pet profile was shared with <a href=\"/users/profile/mcurie/\">Marie Curie</a>.", "target_ct": 7, "target_id": 2, "created": "2025-04-28T20:46:11.997Z", "description": null}}, {"model": "actions.action", "pk": 12, "fields": {"user": 2, "pet": 3, "verb": "pet profile was created", "target_ct": 7, "target_id": 3, "created": "2025-04-28T20:48:55.082Z", "description": "Maggie Mae is a female Labrador Retriever that is 5 yrs, 11 mo. old"}}, {"model": "actions.action", "pk": 13, "fields": {"user": 2, "pet": 3, "verb": "pet profile was shared with <a href=\"/users/profile/jsmith/\">John Smith</a>.", "target_ct": 7, "target_id": 3, "created": "2025-04-28T20:49:10.234Z", "description": null}}, {"model": "actions.action", "pk": 14, "fields": {"user": 2, "pet": 3, "verb": "pet profile was shared with <a href=\"/users/profile/jausten/\">Jane Austen</a>.", "target_ct": 7, "target_id": 3, "created": "2025-04-28T20:49:14.284Z", "description": null}}, {"model": "actions.action", "pk": 15, "fields": {"user": 2, "pet": 4, "verb": "pet profile was created", "target_ct": 7, "target_id": 4, "created": "2025-04-28T20:50:08.582Z", "description": "Snoopy is a male Beagle that is 3 yrs, 6 mo. old"}}, {"model": "actions.action", "pk": 16, "fields": {"user": 2, "pet": 4, "verb": "pet profile was shared with <a href=\"/users/profile/jausten/\">Jane Austen</a>.", "target_ct": 7, "target_id": 4, "created": "2025-04-28T20:50:15.144Z", "description": null}}, {"model": "actions.action", "pk": 17, "fields": {"user": 2, "pet": 4, "verb": "pet profile was shared with <a href=\"/users/profile/jsmith/\">John Smith</a>.", "target_ct": 7, "target_id": 4, "created": "2025-04-28T20:50:17.944Z", "description": null}}, {"model": "actions.action", "pk": 18, "fields": {"user": 3, "pet": 5, "verb": "pet profile was created", "target_ct": 7, "target_id": 5, "created": "2025-04-28T20:52:39.265Z", "description": "Farfetch'd is a male Conure that is 2 yrs, 2 mo. old"}}, {"model": "actions.action", "pk": 19, "fields": {"user": 3, "pet": 5, "verb": "pet profile was shared with <a href=\"/users/profile/jsmith/\">John Smith</a>.", "target_ct": 7, "target_id": 5, "created": "2025-04-28T20:53:11.877Z", "description": null}}, {"model": "actions.action", "pk": 20, "fields": {"user": 3, "pet": 5, "verb": "pet profile was shared with <a href=\"/users/profile/gwash/\">George Washington</a>.", "target_ct": 7, "target_id": 5, "created": "2025-04-28T20:53:13.692Z", "description": null}}, {"model": "actions.action", "pk": 21, "fields": {"user": 3, "pet": 5, "verb": "pet profile was shared with <a href=\"/users/profile/mcurie/\">Marie Curie</a>.", "target_ct": 7, "target_id": 5, "created": "2025-04-28T20:53:15.025Z", "description": null}}, {"model": "actions.action", "pk": 22, "fields": {"user": 4, "pet": 6, "verb": "pet profile was created", "target_ct": 7, "target_id": 6, "created": "2025-04-28T20:54:20.817Z", "description": "Matcha is a female Holland Lop that is 1 yrs, 11 mo. old"}}, {"model": "actions.action", "pk": 23, "fields": {"user": 4, "pet": 6, "verb": "pet profile was shared with <a href=\"/users/profile/jsmith/\">John Smith</a>.", "target_ct": 7, "target_id": 6, "created": "2025-04-28T20:54:29.689Z", "description": null}}, {"model": "actions.action", "pk": 24, "fields": {"user": 4, "pet": 6, "verb": "pet profile was shared with <a href=\"/users/profile/jausten/\">Jane Austen</a>.", "target_ct": 7, "target_id": 6, "created": "2025-04-28T20:54:32.709Z", "description": null}}, {"model": "actions.action", "pk": 25, "fields": {"user": 5, "pet": 1, "verb": "profile has a new comment from <a href=\"/users/profile/jdoe/\">jdoe</a>", "target_ct": null, "target_id": null, "created": "2025-04-28T20:58:15.753Z", "description": null}}, {"model": "actions.action", "pk": 26, "fields": {"user": 2, "pet": 1, "verb": "profile has a new comment from <a href=\"/users/profile/gwash/\">gwash</a>", "target_ct": null, "target_id": null, "created": "2025-04-28T21:00:21.763Z", "description": null}}]